<?xml version="1.0" encoding="UTF-8"?>
<!--
  ~ Copyright 2017 Marc Liberatore.
  -->

<!DOCTYPE module PUBLIC "-//Puppy Crawl//DTD Check Configuration 1.3//EN" "http://www.puppycrawl.com/dtds/configuration_1_3.dtd">

<!--
    This configuration file was written by the eclipse-cs plugin configuration editor
-->
<!--
    Checkstyle-Configuration: 190D style checks
    Description: none
-->
<module name="Checker">
  <property name="severity" value="warning"/>
  <property name="charset" value="UTF-8"/>
  <property name="fileExtensions" value="java, properties, xml"/>
  <module name="TreeWalker">
    <module name="OuterTypeFilename"/>
    <module name="IllegalTokenText">
      <property name="tokens" value="STRING_LITERAL, CHAR_LITERAL"/>
      <property name="format" value="\\u00(08|09|0(a|A)|0(c|C)|0(d|D)|22|27|5(C|c))|\\(0(10|11|12|14|15|42|47)|134)"/>
      <property name="message" value="Avoid using corresponding octal or Unicode escape."/>
    </module>
    <module name="AvoidEscapedUnicodeCharacters">
      <property name="allowEscapesForControlCharacters" value="true"/>
      <property name="allowByTailComment" value="true"/>
      <property name="allowNonPrintableEscapes" value="true"/>
    </module>
    <module name="OneTopLevelClass"/>
    <module name="NoLineWrap"/>
    <module name="EmptyBlock">
      <property name="option" value="TEXT"/>
      <property name="tokens" value="LITERAL_TRY, LITERAL_FINALLY, LITERAL_IF, LITERAL_ELSE, LITERAL_SWITCH"/>
    </module>
    <module name="NeedBraces">
      <property name="allowSingleLineStatement" value="true"/>
    </module>
    <module name="LeftCurly">
      <property name="maxLineLength" value="100"/>
    </module>
    <module name="RightCurly"/>
    <module name="RightCurly">
      <property name="option" value="alone"/>
      <property name="tokens" value="CLASS_DEF, METHOD_DEF, CTOR_DEF, LITERAL_FOR, LITERAL_WHILE, LITERAL_DO, STATIC_INIT, INSTANCE_INIT"/>
    </module>
    <module name="WhitespaceAround">
      <property name="allowEmptyConstructors" value="true"/>
      <property name="allowEmptyMethods" value="true"/>
      <property name="allowEmptyTypes" value="true"/>
      <property name="allowEmptyLoops" value="true"/>
      <message key="ws.notPreceded" value="WhitespaceAround: ''{0}'' is not preceded with whitespace."/>
      <message key="ws.notFollowed" value="WhitespaceAround: ''{0}'' is not followed by whitespace. Empty blocks may only be represented as '{}' when not part of a multi-block statement (4.1.3)"/>
    </module>
    <module name="OneStatementPerLine"/>
    <module name="MultipleVariableDeclarations"/>
    <module name="ArrayTypeStyle">
      <message key="array.type.style" value="Array brackets at illegal position; should be &quot;Typename[] variableName&quot;"/>
    </module>
    <module name="MissingSwitchDefault"/>
    <module name="FallThrough"/>
    <module name="UpperEll"/>
    <module name="ModifierOrder"/>
    <module name="SeparatorWrap">
      <property name="option" value="nl"/>
      <property name="tokens" value="DOT"/>
    </module>
    <module name="SeparatorWrap">
      <property name="option" value="EOL"/>
      <property name="tokens" value="COMMA"/>
    </module>
    <module name="TypeName">
      <message key="name.invalidPattern" value="Type name ''{0}'' must be UpperCamelCased."/>
    </module>
    <module name="MemberName">
      <property name="format" value="^[a-z][a-z0-9][a-zA-Z0-9]*$"/>
      <message key="name.invalidPattern" value="Member name ''{0}'' must be camelCased and at least two characters long."/>
    </module>
    <module name="ParameterName">
      <property name="format" value="^[a-z][a-z0-9][a-zA-Z0-9]*$"/>
      <message key="name.invalidPattern" value="Parameter name ''{0}'' must be camelCased and at least two characters long."/>
    </module>
    <module name="CatchParameterName">
      <property name="format" value="^[a-z][a-z0-9][a-zA-Z0-9]*$"/>
      <message key="name.invalidPattern" value="Catch parameter name ''{0}'' must be camelCased and at least two characters long."/>
    </module>
    <module name="LocalVariableName">
      <property name="format" value="^[a-z][a-z0-9][a-zA-Z0-9]*$"/>
      <property name="allowOneCharVarInForLoop" value="true"/>
      <property name="tokens" value="VARIABLE_DEF"/>
      <message key="name.invalidPattern" value="Local variable name ''{0}'' must be camelCased and at least two characters long."/>
    </module>
    <module name="ClassTypeParameterName">
      <property name="format" value="(^[A-Z][0-9]?)$|([A-Z][a-zA-Z0-9]*[T]$)"/>
      <message key="name.invalidPattern" value="Class type name ''{0}'' must match pattern ''{1}''."/>
    </module>
    <module name="MethodTypeParameterName">
      <property name="format" value="(^[A-Z][0-9]?)$|([A-Z][a-zA-Z0-9]*[T]$)"/>
      <message key="name.invalidPattern" value="Method type name ''{0}'' must match pattern ''{1}''."/>
    </module>
    <module name="InterfaceTypeParameterName">
      <property name="format" value="(^[A-Z][0-9]?)$|([A-Z][a-zA-Z0-9]*[T]$)"/>
      <message key="name.invalidPattern" value="Interface type name ''{0}'' must match pattern ''{1}''."/>
    </module>
    <module name="NoFinalizer"/>
    <module name="GenericWhitespace">
      <message key="ws.notPreceded" value="GenericWhitespace ''{0}'' is not preceded with whitespace."/>
      <message key="ws.followed" value="GenericWhitespace ''{0}'' is followed by whitespace."/>
      <message key="ws.preceded" value="GenericWhitespace ''{0}'' is preceded with whitespace."/>
      <message key="ws.illegalFollow" value="GenericWhitespace ''{0}'' should followed by whitespace."/>
    </module>
    <module name="AbbreviationAsWordInName">
      <property name="allowedAbbreviationLength" value="1"/>
      <property name="ignoreFinal" value="false"/>
    </module>
    <module name="VariableDeclarationUsageDistance"/>
    <module name="MethodParamPad"/>
    <module name="OperatorWrap">
      <property name="tokens" value="BAND,BOR,BSR,BXOR,DIV,EQUAL,GE,GT,LAND,LE,LITERAL_INSTANCEOF,LOR,LT,MINUS,MOD,NOT_EQUAL,PLUS,QUESTION,SL,SR,STAR"/>
    </module>
    <module name="MethodName">
      <property name="format" value="^[a-z][a-z0-9][a-zA-Z0-9_]*$"/>
      <message key="name.invalidPattern" value="Method name ''{0}'' must be camelCased and at least two characters long."/>
    </module>
    <module name="EmptyCatchBlock">
      <property name="exceptionVariableName" value="expected"/>
    </module>
    <module name="CommentsIndentation"/>
    <module name="IllegalImport"/>
    <module name="ParameterNumber"/>
    <module name="NoWhitespaceBefore"/>
    <module name="ParenPad"/>
    <module name="TypecastParenPad">
      <property name="tokens" value="RPAREN,TYPECAST"/>
    </module>
    <module name="WhitespaceAfter">
      <property name="tokens" value="COMMA,SEMI"/>
    </module>
    <module name="DefaultComesLast"/>
    <module name="EqualsHashCode"/>
    <module name="InnerAssignment"/>
    <module name="ModifiedControlVariable"/>
    <module name="StringLiteralEquality"/>
    <module name="Indentation">
      <property name="basicOffset" value="8"/>
      <property name="caseIndent" value="8"/>
      <property name="throwsIndent" value="8"/>
      <property name="arrayInitIndent" value="8"/>
      <property name="lineWrappingIndentation" value="8"/>
    </module>
    <module name="ConstantName">
      <message key="name.invalidPattern" value="Constant (final) name ''{0}'' must be all upper-case and at least two characters long."/>
    </module>
    <module name="NoWhitespaceAfter"/>
  </module>
</module>
